,store,address,phone
0,자유로,경기 파주시 문발동 495-137 ,T.031-953-5325
1,라운지탐탐 서울대점,서울 관악구 관악로 173 (봉천동) 2층 라운지탐탐,T.02-878-5565
2,크레이지 파머스 남양주점,경기도 남양주시 화도읍 북한강로 1498 ,T.031-511-2763
3,라운지탐탐 건대점,서울 광진구 동일로20길 105-2 (자양동) ,T.02-465-4565
4,와인탐탐 탐스퀘어점,서울 영등포구 영중로 21 (영등포동4가) 1층,T.02-2632-3033
5,겟풀 율동공원점,경기 성남시 분당구 문정로 138 B1 ,T.031-708-4565
6,겟풀 남양주점,경기도 남양주시 화도읍 북한강로 1496 ,T.-
7,에그탐탐 탐스퀘어점,서울 영등포구 영중로 21 ,T.02-2634-5539
8,탐스런 헤어 부평대로점,인천 부평구 부평대로 33 ,T.032-715-5151
9,탐스런 헤어 탐스퀘어점,서울특별시 영등포구 영중로 21 ,T.02-6951-0234
10,의왕(하),경기 의왕시 오전로 24 ,T.
11,의왕(상),경기 의왕시 오전로 24 ,T.
12,NC마산야구장점(3루),경남 창원시 마산회원구 삼호로 63 창원NC파크 탐앤탐스 (신 야구장 내 1층) ,T.-
13,NC마산야구장점,경남 창원시 마산회원구 삼호로 63 창원NC파크 탐앤탐스 (신 야구장 내 1층) ,T.-
14,포항ktx역사점,경북 포항시 북구 흥해읍 이인리131 포항ktx역사 2층 ,T.
15,무주리조트점,전북 무주군 설천면 만선로 185  ,T.063-322-9890
16,고척스카이돔(3루),서울특별시 구로구 경인로 431  ,T.
17,고척스카이돔(1루),서울특별시 구로구 경인로 431  ,T.
18,더스토리지,경기도 남양주시 고산로 249-18 ,T.031-521-1565
19,총체보리한우 수라간(잘났소),경기도 남양주시 화도읍 북한강로 1492 ,T.031-594-0083
20,의정부 휴게소,경기도 의정부시 구리포천고속도로 19 ,T.031-928-4113
21,별내 휴게소,경기도 남양주시 별내면 구리포천고속도로 14 ,T.031-524-9773
22,여수 진남관점,전남 여수시 진남상가길2 ,T.061-666-3330
23,강북마루점,대구광역시 북구 칠곡중앙대로125길 8 ,T.053-325-3019
24,송도해변점,부산광역시 서구 송도해변로 139 ,T.051-243-5500
25,중앙점,부산 중구 광복로97번길 26-2 ,T.051-254-7890
26,서산호수공원점,충남 서산시 호수공원6로 40 ,T.041-429-3131
27,경기도광주점,경기도 광주시 경안로 10 ,T.031-761-0334
28,동탄센트럴에이스타워점,경기도 화성시 동탄기흥로 590 ,T.031-378-8635
29,양산부산대점,경남 양산시 물금읍 삽량로 30 ,T. 055-383-3839
30,역삼르까프골프장점,서울특별시 강남구 역삼로98길 28 ,T.02-553-9036
31,양산신도시점,경남 양산시 양산역8길 11  ,T.055-382-2121
32,세종몰리브점,세종특별자치시 도움1로 108 ,T.070-7818-5094
33,문경 휴게소(상),경북 문경시 중부내륙고속도로 174 ,T.054-554-1610
34,화홍병원점,경기도 수원시 권선구 호매실로90번길 98 ,T.031-296-5996
35,강서구청사거리점,"서울 강서구 공항대로 395 (등촌동, 기도빌딩) ",T.02-3661-9890
36,영월점,강원도 영월군 동강로 100 ,T.033-375-3920
37,모란점,경기도 성남시 중원구 성남대로 1146 ,T.031-756-2772
38,세종연구소입구점,경기도 성남시 수정구 대왕판교로 850 ,T.031-751-2225
39,성수1호점,서울특별시 성동구 성수이로 51 ,T.02-467-5206
40,함안 휴게소(순천),경남 함안군 군북면 현포로 205 ,T.051-633-0102
41,덕성여대점,서울특별시 강북구 삼양로 547 ,T.02-900-2785
42,인천서구청점,인천광역시 서구 탁옥로 55 ,T.032-562-3314
43,전주법조타운점,전북 전주시 덕진구 만성중앙로 54-46 ,T.063-212-7932
44,예산 휴게소(대전),"충남 예산군 신양면 당진영덕고속도로 34 (서계양리, 예산휴게소 하행) ",T.041-334-0094
45,함안 휴게소(부산),경남 함안군 군북면 현포로 205 ,T.02-633-0102
46,서천 휴게소(서울),충남 서천군 비인면 서해안고속도로 168 ,T.041-952-9735
47,포항상도점,경북 포항시 남구 상공로 61 ,T.054-275-1117
48,죽암 휴게소(상),충북 청주시 서원구 현도면 경부고속도로 290 ,T.02-393-5917
49,횡성 휴게소(인천),강원 횡성군 안흥면 소사리 1511 ,T.033-342-4200
50,무학여고점,서울특별시 성동구 고산자로 202 ,T.02-2294-7800
51,시흥목감점,경기도 시흥시 산현마을길 56 ,T.031-509-1218
52,정자카페거리점,경기도 성남시 분당구 정자일로 210 ,T.031-786-1357
53,대학로2호점,서울특별시 종로구 동숭길 117 ,T.02-742-4565
54,미금역점,경기도 성남시 분당구 성남대로 165 ,T.031-782-4565
55,구미인동점,경북 구미시 인동중앙로3길 18-8 ,T.054-475-0931
56,종로5가점,서울 종로구 종로32길 2 ,T.02-762-5207
57,삼성본점,서울시 강남구 테헤란로77길 9 ,T.02-565-3651
58,국방부점,서울시 용산구 이태원로 22 국방부 본관 10층,T.02-748-7488(군부대)
59,배곧아브뉴점,경기도 시흥시 서울대학로 264번길 7 ,T.031-431-2647
60,춘천운교점,강원도 춘천시 춘천로 183 ,T.033-253-1799
61,구미옥계점,경북 구미시 산호대로24길 9-45 ,T.054-475-0388
62,성남우체국점,경기도 성남시 수정구 산성대로 301 ,T.031-732-5207
63,양산트레이더스점,경남 양산시 평산로 16 ,T.055-383-8882
64,을지대점,경기도 성남시 중원구 산성대로 556 ,T.031-745-9944
65,전주송천점,전북 전주시 덕진구 시천로 80  ,T.063-272-5757
66,달맞이점,부산광역시 해운대구 달맞이길 213 ,T.051-744-8565
67,동탄스타점,경기도 화성시 동탄지성로 11 ,T.031-613-9920
68,함평천지 휴게소(상),전남 함평군 손불면 서해안고속도로 38 ,T.061-633-0102
69,부산KTX역사점,부산광역시 동구 초량동 1187-1 ,T.051-791-1033
70,강남바로세움점,서울특별시 서초구 서초대로77길 55 ,T.02-532-0620
71,창원감계점,경남 창원시 의창구 북면 감계리 29-1 ,T.055-295-7977
72,여주2호 휴게소(상),경기도 여주시 가남읍 화평길 116 ,T.031-882-2900
73,롯데기흥점,경기도 용인시 기흥구 신고매로 124  ,T.-
74,순화동케이지점,서울시 중구 통일로 92 ,T.02-755-0033
75,정안 휴게소(상),충남 공주시 정안면 논산천안고속도로 58  ,T.041-858-0561
76,양평 휴게소(하),경기도 양평군 양동면 송석2길 52 ,T.031-633-0102
77,양평 휴게소(상),경기도 양평군 양동면 여양3로 384-27 ,T.031-633-0102
78,경기광주 휴게소(하),경기도 광주시 곤지암읍 만삼로 270 경기광주휴게소(원주방향) ,T.031-633-0102
79,경기광주 휴게소(상),경기도 광주시 곤지암읍 만삼로 211 경기광주휴게소(광주방향) ,T.031-633-0102
80,신촌점,서울시 서대문구 명물길 43 ,T.02-396-5630
81,올림픽서린점,서울특별시 강동구 강동대로 143-48 ,T.02-487-5097
82,수원역점,경기도 수원시 팔달구 매산로 1 ,T.031-245-1596
83,송도커넬워크점,인천광역시 연수구 아트센터대로 107 ,T.032-723-6622
84,잠실새내역점,서울특별시 송파구 올림픽로12길 5 ,T.02-420-4565
85,여수엑스포점,전남 여수시 오동도로 61-15 ,T.061-661-7710
86,정안 휴게소(하),충남 공주시 정안면 논산천안고속도로 57 ,T.041-858-0522
87,레스토랑춘천점,강원도 춘천시 동면 소양강로 718 ,T.033-252-3576
88,광명소하점,경기도 광명시 소하로92번길 5 ,T.02-898-6655
89,전주아중점,전북 전주시 덕진구 건산로 275 ,T.063-247-3555
90,인천주안점,인천광역시 미추홀구 석바위로 90 ,T.032-423-8899
91,압구정점,서울시 강남구 논현로 175길 38 ,T.02-514-3300
92,한림대점,강원 춘천시 교동 156-25 ,T.033-242-0003
93,어반아트리움 센트럴점,"세종특별자치시 나성로 96 (나성동, 더센트럴) ",T.044-868-3280
94,천안단국대호수점,충남 천안시 동남구 망향로 201 단국대학교 통합버스 승차대기실 2층 ,T.070-7576-1475
95,방이점,서울특별시 송파구 오금로11길 11-8 ,T.02-424-0661
96,병점점,경기도 화성시 효행로 1044-1 ,T.031-225-0553
97,여수돌산점,전남 여수시 돌산읍 진두해안길 34 ,T.061-641-4565
98,청담웨딩홀점,서울특별시 강남구 도산대로 430 ,T.02-518-4565
99,사가정역점,서울시 중랑구 면목로 45길 3-10 ,T.02-493-6232
100,제천점,충북 제천시 용두대로 15길 4 ,T.043-642-2490
101,광주오포점,경기도 광주시 오포읍 양벌로 327 ,T.070-8836-9733
102,무안도청점,전남 무안군 삼향읍 후광대로 274 ,T.061-287-7666
103,이천증포점,경기도 이천시 이섭대천로 1399 ,T.031-631-9390
104,양정파드스테이션점,부산시 진구 중앙대로 962 ,T.051-853-8412
105,양산증산역점,경남 양산시 물금읍 증산역로 163 ,T.055-379-3388
106,인천인하대학교점,인천광역시 남구 인하로 81 ,T.032-872-3565
107,탄천 휴게소(하),충남 공주시 탄천면 논산천안고속도로 27 ,T.-
108,하남검단산점,경기도 하남시 검단산로 267 ,T.031-794-1903
109,파주무산점,경기도 파주시 문산읍 방촌로 1719-10 ,T.031-954-4565
110,목감 휴게소(광명),경기도 시흥시 목감1길 47 목감(광명)휴게소 ,T.031-411-0590
111,청도 휴게소(부산),경북 청도군 청도읍 하지길 59-49 ,T.054-373-8121
112,청도 휴게소(대구),경북 청도군 청도읍 하지길 59-50 ,T.054-373-6280
113,현풍 휴게소(상),대구광역시 달성군 현풍읍 비슬로 741 ,T.053-615-0337
114,현풍 휴게소(하),대구광역시 달성군 현풍읍 성하길 48 ,T.053-615-2436
115,신사1호점,서울특별시 서초구 신반포로47길 124 ,T.02-3448-4565
116,홍제역점,서울시 서대문구 통일로 484 ,T.02-396-4565
117,곡성 휴게소(하),"전남 곡성군 겸면 호남고속도로 49 (가정리, 곡성(하)휴게소) ",T.061-363-2766
118,제주칠성점,제주특별자치도 제주시 중앙로7길 9 ,T.064-726-4396
119,논현1호점,서울특별시 강남구 논현로 726 ,T.02- 546- 2948
120,태평점,경기도 성남시 수정구 수정로 149 ,T.031-757-4565
121,부산남포점,부산광역시 중구 구덕로 41 ,T.051-244-3345
122,아차산역점,서울특별시 광진구 천호대로 675 ,T.02-456-9890
123,마시안점,인천광역시 중구 마시란로 109 ,T.032-746-3731
124,전주에코시티점,전북 전주시 덕진구 세병2길 32-18 ,T.063-252-1445
125,대구신월성점,대구시 달서구 월성동 1855번지 ,T.053-652-1000
126,신제주점,제주특별자치도 제주시 신광로 52 ,T.064-748-1266
127,이서 휴게소(상),전북 완주군 이서면 호남고속도로 162 ,T.063-335-0977
128,낙선재점,경기도 광주시 중부면 불당리 194-1 낙선재 내 탐앤탐스  ,T.031-746-3003
129,노은역점,대전광역시 유성구 은구비서로23번길 11 ,T.042-826-2812
130,이천점,경기도 이천시 이섭대천로 1203 ,T.031-635-1771
131,응암점,서울 은평구 은평로 103 ,T.02-356-4565
132,언양 휴게소(상),울산광역시 울주군 언양읍 경부고속도로 44 ,T.052-263-6153
133,양재위메스점,서울시 서초구 바우뫼로37길 30 ,T.02-572-7738
134,롯데시네마프리미엄경관점,대구 중구 종로1가 국채보상로 547 ,T.070-7717-2192
135,역삼GS타워점,서울시 강남구 논현로 508 1층 ,T.02-555-4565
136,서천점,충남 서천군 서천읍 사곡로 75 ,T.041-952-9797
137,용인구성점,경기도 용인시 기흥구 구성로 84 ,T.031-282-8676
138,광주운암점,광주광역시 북구 서강로 78 ,T.062-512-5126
139,영산2호점 휴게소,경남 창녕군 영산면 장척호수길 56-110 ,T.055-521-2978
140,호평점,경기도 남양주시 호평로46번길 14 ,T.031-592-5565
141,목포상동점,전남 목포시 원형동로 10  ,T.061-284-0066
142,수원인계점,경기도 수원시 팔달구 인계로124번길 22 ,T.031-222-9702
143,르그랑블루리조트점,전남 여수시 돌산읍 무술목길 34 ,T. 010-2991-4097
144,아라점,제주특별자치도 제주시 중앙로 492 ,T.064-748-8949
145,오창 휴게소(상),충북 청주시 청원구 오창읍 중부고속도로 20 ,T.043-217-8303
146,서대문역점,서울특별시 서대문구 통일로 135 ,T.02-393-7890
147,대구호산점,대구광역시 달서구 성서공단로 15길 70 ,T.053-586-2555
148,여주1호 휴게소(상),경기도 여주시 가남읍 화평길 116 ,T.031-882-2900
149,왕산해수욕장점,인천광역시 중구 용유서로423번길 9-1 ,T.032-746-4159
150,동탄한림대성심병원점,경기 화성시 큰재봉길 23-11 ,T.031-613-7710
151,평택역점,경기도 평택시 평택2로 16 ,T.031-653-0800
152,경산 휴게소(서울),경북 경산시 진량읍 대학로 1089  ,T.053-853-5243
153,창원상남점,경남 창원시 성산구 중앙대로 90 ,T.055-262-6311
154,문정로데오점,서울특별시 송파구 동남로 130-1 ,T.02-403-4565
155,주암 휴게소(순천),전남 순천시 주암면 호남고속도로 23 ,T.061-754-4980
156,주암 휴게소(천안),전남 순천시 주암면 호남고속도로 24 ,T.061-754-2432
157,안동신도청점,경북 안동시 풍천면 호수공원 2길 12 ,T.054-853-1555
158,구정 휴게소(동해),강원도 강릉시 구정면 동해고속도로 345  ,T.033-644-8345
159,여수점,전남 여수시 여서1로 75  ,T.061-652-5443
160,시흥하늘 휴게소,경기 시흥시 서울외곽순환고속도로 105 (조남동) ,T.031-481-9759
161,한성대점,서울특별시 성북구 동소문로 48 ,T.02-6348-4800
162,인천로얄호텔점,인천광역시 남동구 백범로 367 ,T.032-426-4565
163,금강 휴게소(하),충북 옥천군 동이면 금강로 596 ,T.043-731-2233
164,횡성 휴게소(강릉),강원도 횡성군 안흥면 영동고속도로 154 ,T.033-342-4231
165,군위영천 휴게소,경북 군위군 산성면 치산효령로 865-43 ,T.054-383-8448
166,삼국유사군위 휴게소,경북 군위군 부계면 치산효령로 989-23 ,T.054-383-8778
167,칠곡 휴게소(하),경북 칠곡군 왜관읍 경부고속도로 159 ,T.054-975-2277
168,칠곡 휴게소(상),경북 칠곡군 왜관읍 경부고속도로 158 ,T.054-975-1883
169,진영 휴게소(부산),경남 김해시 진영읍 하계로 96번길 94-4 ,T.055-342-3236
170,문막 휴게소(서창),강원 원주시 문막읍 개나루길 13 ,T.033-734-7471
171,경주 휴게소,경북 경주시 내남면 경부고속도로 59 ,T.054-748-3195
172,건천 휴게소(상),경북 경주시 건천읍 경부고속도로 76 ,T.054-751-7401
173,내린천 휴게소(양양),강원 인제군 상남면 하남리 371  ,T.033-852-8602
174,내린천 휴게소(서울),강원 인제군 상남면 하남리 371  ,T.033-852-8602
175,천안삼거리 휴게소(서울),충남 천안시 동남구 삼룡동 173-1 2동 ,T.041-551-2480
176,천안 휴게소(부산),충남 천안시 동남구 수신면 성남로 793-40 ,T.041-552-4560
177,입장 휴게소(상),충남 천안시 서북구 입장면 연곡길 407 ,T.041-588-7868
178,망향 휴게소(부산),충남 천안시 서북구 성거읍 요방리 121 ,T.041-557-4000
179,강릉 휴게소(서창),강원 강릉시 성산면 영동고속도로 231 ,T.033-647-9970
180,오수 휴게소(광양),전북 임실군 오수면 오산리 675-18 ,T.063-644-6116
181,오수 휴게소(전주),전북 임실군 오수면 대명리 783-16 ,T.063-644-5115
182,정읍 휴게소(논산),전북 정읍시 북면 하북1길 227-23 ,T.063-532-2373
183,정읍 휴게소(하),전북 정읍시 북면 정신로 135-61 ,T.063-532-0510
184,덕유산 휴게소(하),전북 장수군 계북면 통영대전고속도로 147 ,T.063-353-5100
185,군산 휴게소(무안),전북 군산시 성산면 서해안고속도로 141 ,T.063-453-0402
186,이서 휴게소(순천),전북 완주군 이서면 은교리 ,T.063-227-4334
187,홍천 휴게소(서울),강원 홍천군 화촌면 군업리 산220-10 ,T.033-436-9000
188,홍천 휴게소(양양),강원 홍천군 화촌면 군업리 537 ,T.033-436-3000
189,영산 휴게소,경남 창녕군 영산면 장척호수길 56-110 (신제리) ,T.055-389-1750
190,군산 휴게소(서울),전북 군산시 나포면 서해안고속도로 148 ,T.063-453-2818
191,음성 휴게소(통영),충북 음성군 삼성면 중부고속도로 51 ,T.043-878-6410
192,죽암 휴게소(부산),충북 청원군 현도면 경부고속도로 289 ,T.043-269-0850
193,금강 휴게소(상),충북 옥천군 동이면 금강로 596 ,T.043-731-2233
194,충주 휴게소(양평),충북 충주시 중앙탑면 중부내륙고속도로 230-1 ,T.043-857-9229
195,충주 휴게소(하),충북 충주시 중앙탑면 중부내륙고속도로 231 ,T.043-857-9339
196,화서 휴게소(상주),경북 상주시 화서면 터골길51-25 ,T.054-531-1982
197,영천 휴게소(대구),경북 영천시 임고면 운주로791 ,T.054-338-0037
198,영천 휴게소(포항),경북 영천시 임고면 운주로 777 ,T.054-338-0062
199,평창 휴게소(하),강원도 평창군 용평면 경강로 2159-58 ,T.033-334-5100
200,문막 휴게소(강릉),강원 원주시 문막읍 원문로 1234 ,T.033-731-8481
201,벌곡 휴게소(논산),"충남 논산시 벌곡면 호남지선고속도로 25 (신양리, 벌곡휴게소) ",T.041-732-7694
202,인삼랜드 휴게소(하),"충남 금산군 군북면 어필각로 300 (외부리, 금산인삼랜드(하)휴게소) ",T.041-751-2892
203,산삼골 휴게소(광주),경남 함양군 수동면 우명하교로 174 ,T.055-963-8411
204,산삼골 휴게소(대구),경남 함양군 수동면 산업단지길 209 ,T.055-963-4811
205,산청 휴게소(상),경남 산청군 단성면 방목리 산71-7 ,T.055-973-5970
206,산청 휴게소(하),경남 산청군 단성면 방목리 산68-7 ,T.055-973-9036
207,덕유산 휴게소(상),전북 무주군 안성면 통영대전고속도로 148 ,T.063-353-4200
208,백양사 휴게소(상),전남 장성군 북일면 호남고속도로 108 ,T.061-394-5177
209,함평나비 휴게소(광주),전남 함평군 엄다면 무안광주고속도로 12 ,T.061-324-8840
210,함평나비 휴게소(무안),전남 함평군 엄다면 무안광주고속도로 11 ,T.061-324-8858
211,서여주 휴게소(양평),경기도 여주시 능서면 중부내륙고속도로 272 ,T.031-885-9760
212,서여주 휴게소(마산),경기도 여주시 능서면 중부내륙고속도로 271 ,T.031-884-9714
213,여주 휴게소(강릉),경기 여주시 가남읍 여주남로 722 ,T.031-882-3120
214,신탄진 휴게소(상),대전광역시 대덕구 산업단지로 27 ,T.042-934-2442
215,하남만남의광장 휴게소,경기도 하남시 중부고속도로 117 ,T.031-791-4200
216,이천 휴게소(상),경기도 이천시 신둔면 서이천로 853번길 346-129 ,T.031-638-1117
217,기흥 휴게소(부산),경기 용인시 기흥구 공세동 260-1 ,T.031-286-5001
218,서울만남의광장 휴게소(하),서울 서초구 양재대로12길 73-71 ,T.02-578-3372
219,홍성 휴게소(하),충남 홍성군 은하면 서해안고속도로 221 ,T.041-642-1151
220,홍성 휴게소(상),충남 홍성군 은하면 서해안고속도로 220 ,T.041-642-1172
221,서산 휴게소(상),충남 서산시 해미면 서해안고속도로 242 ,T.041-688-7714
222,서산 휴게소(하),충남 서산시 해미면 서해안고속도로 241 ,T.041-688-8814
223,진영 휴게소(순천),경남 김해시 진영읍 하계로 96번길 68 ,T.055-342-3959
224,통도사 휴게소,경남 양산시 하북면 순지리 ,T.055-383-6145
225,죽전 휴게소,경기 용인시 수지구 경부고속도로 400 ,T.031-262-3168
226,대구강북점,대구광역시 북구 칠곡중앙대로 326 ,T.053-321-1828
227,용산아이파크몰점,서울시 용산구 한강대로 23길 55 ,T.02-2012-0473
228,신도림테크노마트점,서울특별시 구로구 새말로 97 ,T.02-2111-8800
229,안산고잔점,경기도 안산시 단원구 광덕대로 187 ,T.031-411-4565
230,구월아시아드점,인천시 남동구 구월동 선수촌공원로 23번길 11 ,T.032-715-5677
231,용산문배점,서울특별시 용산구 백범로90길 26 ,T.02-715-4565
232,광교역경기대점,경기 수원시 영통구 대학3로4번길 12 (이의동) 이스턴타워 1층,T.031-213-9350
233,군산대점,전북 군산시 대학로 531  ,T.063-466-7800
234,천안불당점,충남 천안시 서북구 불당34길 26 ,T.041-565-7199
235,제주삼화지구점,제주 제주시 건주로4길 6-4 ,T.064-702-5584
236,소리소카페점,경기도 남양주시 진건읍 진건우회로 95-1 ,T.031-575-1068
237,제주시청점,제주 제주시 중앙로 236  ,T.064-752-1266
238,나주혁신점,전남 나주시 빛가람로 676 ,T.061-335-1001
239,서문여고점,서울시 서초구 동작대로 130 ,T.02-533-1238
240,동성로점,대구 중구 동성로2길 35 ,T.053-253-4565
241,목포하당점,전남 목포시 신흥로 83번길 27 ,T.070-8691-2253
242,삼모타워신림역점,서울 관악구 신원로 35 ,T.02-871-9549
243,중랑구청점,서울 중랑구 신내로14길 10 ,T.02-3421-0726
244,마포도화점,서울 마포구 삼개로 15 ,T.02-704-7405
245,울산남외점,울산광역시 중구 남외2길 46 ,T.052-296-1883
246,전주호성점,전북 전주시 덕진구 동부대로 803 ,T.063-243-2500
247,인천청라점,인천광역시 서구 크리스탈로 78 ,T.070-5138-0721
248,아산점,충남 아산시 온천동 1737 ,T.041-547-5102
249,전주점,전북 전주시 완산구 효자로 288 ,T.063-236-3565
250,천안삼거리점,충남 천안시 동남구 청수12로 48  ,T.041-584-2900
251,언데드소사점,경기 평택시 비전5로 15 ,T.031-658-7197
252,장흥토요시장점,전남 장흥군 장흥읍 토요시장3길10-1 ,T.061-864-5565
253,원주혁신점,강원 원주시 반곡동 1913-8 ,T.033-731-7927
254,창원북면점,경남 창원시 북면 단내로 771 ,T.055-299-2249
255,광흥창역점,서울 마포구 서강로 46 ,T.02-363-8090
256,해운대마린시티점,부산 해운대구 마린시티3로 51 ,T.051-731-2369
257,수원권선점,경기 수원시 권선구 경수대로 392 ,T.031-222-0413
258,목포북항점,전남 목포시 청호로 188 ,T.061-272-7500
259,대구계명대점,대구 달서구 계대동문로 11-1 ,T.053-593-2357
260,구리점,경기도 구리시 경춘로227번길 14 ,T.031-564-4565
261,목동사거리점,서울특별시 강서구 등촌로 19 ,T.02-2644-0133
262,부산태종대점,부산 영도구 태종로 825 ,T.051-405-4602
263,동김해점,경남 김해시 삼안로195번길 37 ,T.055-338-1073
264,경부고속터미널점,서울특별시 서초구 신반포로 194 ,T.02-595-4561
265,포천송우점,경기 포천시 소흘읍 송우로 80 ,T.031-544-3311
266,엘디스리젠트호텔점,대구 중구 달구벌대로 2033 ,T.053-253-7711
267,군자역점,서울 광진구 능동로 296 ,T.02-3437-0279
268,시화점,경기도 시흥시 정왕대로 78 ,T.031-499-4992
269,대전대서문점,대전 동구 용운동 대학로 55 ,T.042-285-6945
270,수유역점,서울특별시 강북구 오패산로 416 ,T.02-999-4565
271,송탄출장소점,경기 평택시 관광특구로 36 ,T.031-666-3532
272,마석점,경기도 남양주시 화도읍 마석로 100 ,T.031-594-7400
273,울산호계점,울산광역시 북구 호계로 258 ,T.052-282-7823
274,아산배방점,충남 아산시 배방읍 배방로 25  ,T.041-549-0433
275,대구들안길점,대구광역시 수성구 들안로 10 ,T.053-767-5900
276,화곡역점,서울특별시 강서구 화곡로 176-4 ,T.02-2696-4565
277,서산동문점,충남 서산시 동문동 율지16로 27 ,T.041-429-2200
278,녹양역점,경기도 의정부시 체육로 298-33 ,T. 031-829-7770
279,DMC점,서울특별시 은평구 수색로 195 ,T.02-6925-0108
280,남창원농협점,경남 창원시 성산구 가음로 100  ,T.055-213-8655
281,공릉역점,서울특별시 노원구 동일로192길 31 ,T.02-979-4565
282,천안백석점,충남 천안시 서북구 백석3로 13-6  ,T.041-552-6655
283,전주중앙점,전북 전주시 완산구 전주객사4길 74-50 ,T.063-224-4985
284,전주삼천점,전북 전주시 완산구 용리로 45  ,T.063-227-7990
285,천안에비뉴점,충남 천안시 서북구 서부대로 739  ,T.041-569-3110
286,회기역점,서울특별시 동대문구 회기로 194-14 ,T.02-962-4565
287,도봉구청점,서울시 도봉구 마들로 657 ,T.02-956-9482
288,정릉점,서울특별시 성북구 보국문로 33 ,T.02-910-7007
289,용인중앙점,경기도 용인시 처인구 중부대로1353번길 1 ,T.031-322-7765
290,신대방역점,서울특별시 관악구 난곡로 356 ,T.02-855-1333
291,서면1번가점,부산 부산진구 부전동 중앙대로 714 ,T.051-819-7766
292,대전송촌점,대전광역시 대덕구 계족산로81번길 116 ,T.042-637-8500
293,부산문현점,부산광역시 남구 전포대로 18 ,T.051-631-8777
294,대구수성못호반점,대구광역시 수성구 용학로 45 ,T.053-653-5567
295,웅진플레이도시점,경기 부천시 원미구 상동 조마루로 2 ,T.032-327-3565
296,아주대점,경기도 수원시 영통구 아주로 46 ,T.031-211-3565
297,사천점,경남 사천시 정동면 동계길 5 ,T.055-855-5100
298,부산송도해수욕장점,부산광역시 서구 송도해변로 57  ,T.070-8968-5285
299,광명사거리점,경기도 광명시 오리로 965 ,T.02-2682-4565
300,충남당진점, 충남 당진시 당진중앙2로 59-3  1.2층  ,T.041-352-1500
301,부산하단점,부산광역시 사하구 하신중앙로 350 2층 ,T.051-291-0071
302,한대앞역점,경기도 안산시 상록구 광덕1로 366 ,T.031-501-4565
303,중앙대점,서울특별시 동작구 흑석로 105 ,T.02-814-4565
304,군산수송점,전북 군산시 월명로 277 ,T.063-463-3003
305,망우점,서울특별시 중랑구 용마산로115길 108 ,T.02-433-6350
306,창동점,서울특별시 도봉구 노해로 341 ,T.070-4411-4138
307,목동점,서울특별시 양천구 목동동로 293 ,T.02-796-4556
308,전주서신점,전북 전주시 완산구 당산로 120  ,T.063-273-0999
309,부산장산역점,부산광역시 해운대구 해운대로 793 ,T.051-703-9877
310,성대입구점,서울특별시 종로구 창경궁로 231-2 ,T.02-745-4565
311,서울고사거리점,서울특별시 서초구 효령로 183 ,T.02-584-4565
312,성신여대점,서울특별시 성북구 동소문로22길 15 ,T.02-923-4565
313,하계점,서울특별시 노원구 섬밭로 258 ,T.02-949-6644
314,천안두정점,충남 천안시 서북구 원두정2길 2  ,T.041-551-2110
315,인천신포점,인천광역시 중구 개항로 31   ,T.010-4750-2020
316,광명테크노파크점,경기도 광명시 하안로 60 ,T.02-6122-3838
317,창원명곡로터리점,"경남 창원시 의창구 원이대로285번길 5 (봉곡동, O.K메디컬빌딩) ",T.055-265-2249
318,울산일산해수욕장점,울산광역시 동구 해수욕장10길 22  ,T.052-234-1737
319,전주신시가지점,전북 전주시 완산구 우전로 208  ,T.063-236-7942
320,가산디지털단지역점,서울특별시 금천구 벚꽃로 298 ,T.02-2083-5565
321,울산달동점,울산광역시 남구 왕생로62번길 21 ,T.052-267-5561
322,일산레이킨스몰점,경기도 고양시 일산서구 호수로 817 ,T.031-915-4565
323,강서구청점,서울특별시 강서구 화곡로 329  ,T.02-2699-4565
324,인천송도점,인천광역시 연수구 컨벤시아대로 69 ,T.032-833-7856
325,건대점,서울특별시 광진구 동일로22길 115 ,T.02-464-4565
326,인천연수점,인천광역시 연수구 청능대로113번길 43 ,T.032-815-7856
327,장한평역점,서울특별시 동대문구 장한로 20 ,T.02-3394-8380
328,서소문점,서울특별시 중구 서소문로 117 ,T.02-3789-3565
329,목표역점,전남 목포시 호남로64번길 28 ,T.061-244-3355
330,광안리오션브릿지점,부산광역시 수영구 광안해변로278번길 42 ,T.051-756-5002
331,사당역점,서울특별시 서초구 방배천로2길 10 ,T.02-525-5949
332,상봉메가박스점,서울특별시 중랑구 망우로 210 ,T.02-434-4565
333,연산점,부산광역시 연제구 월드컵대로 125 ,T.051-246-6023
334,강릉점,강원도 강릉시 경강로 2120 ,T.033-646-8688
335,정읍점,전북 정읍시 중앙로 143  ,T.063-532-5610
336,반포자이점,서울특별시 서초구 잠원로 24 ,T.02-594-8890
337,전주평화점,전북 전주시 완산구 모악로 4680 ,T.063-236-5489
338,피카디리점,서울특별시 종로구 돈화문로5가길 1 ,T.02-762-3377
339,상무스타점,"광주 서구 운천로 247 (치평동, 스타타워) ",T.062-384-1997
340,티티클럽노원,서울특별시 노원구 노해로 507 ,T.02-950-0479
341,남부터미널역점,서울특별시 서초구 효령로 276 ,T.02-587-3892
342,수원경희대점,경기도 수원시 영통구 덕영대로 1701 ,T.031-203-2356
343,서래점,서울특별시 서초구 서래로 17 ,T.02-537-7792
344,신도림점,서울특별시 구로구 경인로 661 ,T.02-3439-7887
345,수원쉬즈메디점,경기도 수원시 팔달구 경수대로 527 ,T.031-237-8899
346,장안1호점,서울특별시 동대문구 장한로 85 ,T.02-2243-4560
347,논현점,서울특별시 강남구 강남대로118길 43 ,T.02-516-1030
348,평택sk점,경기도 평택시 중앙로 176 ,T.031-656-9494
349,한양대점,서울특별시 성동구 왕십리로 229 ,T.02-2292-4565
350,청담2호점,서울특별시 강남구 도산대로50길 12 ,T.02-541-2630
351,강남면허점,서울특별시 강남구 테헤란로114길 16 ,T.02-563-8201
352,서울역점,서울특별시 용산구 후암로 107 게이트웨이타워 201 ,T.02-727-4700
353,일산화정점,경기도 고양시 덕양구 화중로104번길 28  ,T.031-965-3496
354,파드점,경기도 남양주시 화도읍 북한강로 1494 ,T.031-511-4536
355,블랙 청담점,서울특별시 강남구 도산대로 443 ,T.02-3442-0232
356,이태원점,서울특별시 용산구 이태원로 170 ,T.02-796-6640
357,블랙 압구정점,서울특별시 강남구 언주로172길 11 ,T.02-517-9890
358,마운틴점,경기도 성남시 분당구 구미로192번길 4 ,T.031-714-4565
359,와인탐탐 블랙 도산로점,서울특별시 강남구 언주로 732 ,T.02-547-4565
360,화성행궁점,경기도 수원시 팔달구 정조로 820 ,T.031-245-4565
361,탐스커버리 청담점,서울특별시 강남구 도산대로89길 3 ,T.02-511-5090
362,아셈타워점,서울특별시 강남구 봉은사로 543 ,T.02-517-4565
363,도산로점,서울특별시 강남구 논현로152길 37 ,T.02-544-8990
364,금천본점,서울특별시 금천구 시흥대로 398 ,T.02-863-4565
365,광진화양점,서울특별시 광진구 능동로13길 26 ,T.02-497-4565
366,탐스커버리 건대점,서울특별시 광진구 아차산로 236 ,T.02-465-4565
367,홍대파크점,서울특별시 마포구 잔다리로 16 ,T.02-324-4565
368,탐스퀘어영등포점,서울특별시 영등포구 영중로 21 ,T.02-2634-5565
369,정자역점,경기도 성남시 분당구 성남대로331번길 3-3 ,T.031-719-1090
370,일원점,서울특별시 강남구 개포로140길 30 ,T.02-2226-4565
371,율동공원점,경기도 성남시 분당구 문정로 138 ,T.031-8017-4565
372,영등포역점,서울특별시 영등포구 경인로 851-1 ,T.02-2672-4565
373,영등포시장역점,서울특별시 영등포구 영중로 58 ,T.02-2636-4565
374,역삼2호점,서울특별시 강남구 논현로 338 ,T.02-3452-4565
375,어린이대공원점,서울특별시 광진구 광나루로 383 ,T.02-2205-4565
376,신촌로터리점,서울특별시 서대문구 신촌로 109 ,T.02-364-4565
377,서울대입구점,서울특별시 관악구 관악로 173 ,T.02-878-5565
378,부산동의대점,부산광역시 부산진구 엄광로 176 ,T.051-892-2346
379,도봉산입구점,서울특별시 도봉구 도봉산4길 4-13 ,T.02-955-4565
380,난곡사거리점,서울특별시 관악구 남부순환로 1474 ,T.02-865-4565
381,고대점,서울 성북구 고려대로24길 63 (안암동5가) ,T.02-925-4565
382,압구정본점,서울 강남구 논현로163길 10 (신사동) ,T.02-542-4565
383,라운지탐탐 수원화성행궁점,경기 수원시 팔달구 정조로 820 (팔달로1가) 2층 라운지탐탐,T.031-245-4565
384,철원점,강원 철원군 동송읍 이평리 682-33 1층,T.033-455-2696
385,왕십리센트라스점,"서울 성동구 왕십리로 410 (하왕십리동, 센트라스)  i동 1층 121,122호",T.02-2294-9004
386,용두동아제약점,서울 동대문구 천호대로 63 (용두동) 1층,T.02-953-8832
387,통영점,"경남 통영시 무전8길 21-6 (무전동, 오페라노래연습장) ",T.055-644-4666
388,에그탐탐 역삼점,"서울 강남구 테헤란로 205 (역삼동, 역삼빌딩) ",T.02-3453-5103
389,창동본점,서울 도봉구 노해로 285 (창동) 1~3층,T.02-543-3242
390,더 클래식 압구정로데오점,"서울 강남구 선릉로 823 (신사동, 한양타운빌딩) ",T. 준비 중입니다.
391,다산신도시점,경기 남양주시 다산순환로 397-47 (다산동) ,T.031-552-7890
392,NC마산야구장점(외야),경남 창원시 마산회원구 삼호로 63 창원NC파크 탐앤탐스 ,T.-
393,JS노송병원점,인천 서구 가정로 280 (석남동) ,T.032-575-7598
394,평택고덕점,"경기 평택시 고덕면 고덕중앙로 320 (여염리, 원희캐슬고덕 지식산업센터) ",T.031-611-6776
395,라운지탐탐 건대Biz센터점,서울 광진구 아차산로 236 (자양동) 탐스커버리 건대점 4F,T.02-465-4565
396,라운지탐탐 홍대파크점,"서울 마포구 잔다리로 16 (서교동, 태성빌딩) 5층",T.02-324-4565
397,청라랜드마크점,인천 서구 보석로 18 (청라동) 1층 탐앤탐스 ,T.032-564-7701
398,미사스마트밸리점,"경기 하남시 미사강변서로 16 (풍산동, 하우스디스마트밸리) 1층 탐앤탐스 ",T.031-5175-7300
399,라운지탐탐 이태원점,"서울 용산구 이태원로 170 (이태원동, 이태원쇼핑타운) 2층 라운지탐탐",T.02-3412-0781
400,제주노형점,제주특별자치도 제주시 신형로 14 (노형동) 1층 탐앤탐스,T.067-747-7224
401,부산센트럴스퀘어점,"부산 부산진구 중앙대로666번길 50 (부전동, 더샵 센트럴스타) 104호 탐앤탐스",T.051-809-1071
402,울산더테라스가든점,"울산 남구 삼산로 231 (달동, 울산 센트럴 자이) 1층 탐앤탐스",T.052-266-0188 
403,제주외도점,제주특별자치도 제주시 월대5길 6 (외도이동) 1층 탐앤탐스,T.064-743-8101
404,강화도씨사이드리조트점,인천 강화군 길상면 장흥로 217 (선두리) 1층 탐앤탐스  ,T.
405,수원 도이치 오토월드 테이크아웃점,경기 수원시 권선구 권선로 308-5 (고색동) 1층 GATE 1  앞,T.070-4006-8960
406,수원 도이치 오토월드 본점,경기 수원시 권선구 권선로 308-5 (고색동) 121~122호 (GATE 3번 앞 ),T.070-4006-6520
407,블랙 그레이트점,서울 광진구 구의동 245-11 ,T.070-8666-4565
408,라운지탐탐 더스토리지점,경기 남양주시 고산로 249-18 (삼패동) 2층,T.031-521-1565
409,라운지탐탐 블랙그레이트점,"서울 광진구 아차산로 426 (구의동, 재성빌딩) 지하1층",T.02-515-4565
410,마곡 이너매스점,"서울 강서구 마곡중앙2로 35 (마곡동, 이너매스마곡Ⅱ) 1층 108~110호",T.070-4775-4545
411,진접점,경기 남양주시 오남읍 경복대로 63-36 (양지리) 탐앤탐스 1~2층,T.031-572-9998
412,울산일산해수욕장점,울산 동구 해수욕장10길 22 (일산동) 탐앤탐스 2층,T.052-235-0900
413,이천안흥점,"경기 이천시 애련정로 67-23 (안흥동, 이천코아루휴티스1단지) 103동 201호",T.031-8011-3676
414,장유율하점,경남 김해시 율하6로 49 (장유동) 솔리비오 메디컬센터 1층,T.055-724-1621
415,와인탐탐 블랙그레이트점,서울 광진구 아차산로 462 (구의동) 4층 와인탐탐,T.070-8666-4902
416,와인탐탐 AK플라자점,경기 광명시 양지로 19 (일직동) AK플라자광명점 지하1층 와인탐탐 AK플라자광명점,T.070-4048-4519
417,김포운양역점,경기 김포시 김포한강1로 238 (운양동) 라비드퐁네프,T.
418,시립대로미디어점,"서울 동대문구 서울시립대로 58 (전농동, 욱영58) ",T.070-4616-4652
419,탐앤탐스 광명AK플라자점,경기 광명시 일직동 512-3 경기도 광명시 일직동 512-3 AK플라자 자하 2층(B2)  ,T.070-4006-4515  
420,다산행정복지센터점,경기 남양주시 미금로 103 (다산동) 104호,T.031-557-7776
421,탐앤탐스 보령점,충남 보령시 한내로 62 (명천동) 1층 107호(명천동),T.041-931-0781
422,탐앤탐스 부천중동위브점,"경기 부천시 신흥로 170 (중동, 위브더스테이트) 1층 탐앤탐스",T.032-662-9232
423,거여점,서울 송파구 거여동 35 ,T.
424,탐앤탐스 구리엘마트점,"경기 구리시 동구릉로136번길 57 (인창동, 구리유통종합상가) 엘마트 구리점 3층 푸드코트",T.
425,탐앤탐스 종로한올타워점,"서울 종로구 종로 96 (종로2가) 지상1,2층 탐앤탐스",T.02-2279-8836
426,탐앤탐스 전주중노송점,전북 전주시 완산구 견훤왕궁로 57-2 (중노송동) 1층,T.063-282-5252
